{"dense": {"kernel": [-2.6827954570762813e-05], "bias": [-7.538710633525625e-06], "shape_in": 1, "shape_out": 1}, "static_detune": -7.538755198766012e-06}