{"alpha_B": -0.08474379032850266, "beta_B": -5.819960594177246, "alpha_T": 0.09287106245756149, "beta_T": -13.639592170715332}